Feature ID,Feature Name,User Story,Expected Behaviour,Edge Cases,Test Cases,Current Status,Defect Count,Severity,Notes,Last Tested Date
BTN2-001,"Button (.btn) variants, sizes, loading, group","As a consumer I drop a btn button and get shadcn-styled buttons with variants, sizes, loading and grouped modes, zero JS.","Six variants, four sizes, aria-busy spinner with reduced-motion guard, btn-link scoped out of groups, group border collapsing.",btn-link inside btn-group | aria-busy + disabled | vertical group corners | reduced-motion,BTN2-001-T1:regression:PASS; BTN2-001-T2:regression:PASS; BTN2-001-T3:accessibility:PASS; BTN2-001-T4:boundary:WAIVED,PASS,0,,,2026-06-22
BTN2-002,Badge (.badge) variants + dot,As a consumer I render status badges with semantic color variants and an optional leading dot.,"Inline-flex pill, 7 color variants + outline, badge-dot ::before bullet using currentColor.",badge-outline + badge-dot | long text nowrap fixed height | status tokens defined,BTN2-002-T1:happy:PASS; BTN2-002-T2:boundary:PASS; BTN2-002-T3:accessibility:PASS,PASS,0,,,2026-06-22
BTN2-003,Toggle (.toggle) aria-pressed two-state button,As a consumer I use a .toggle button whose pressed visual is driven by aria-pressed.,Styles [aria-pressed=true]; requires one-line JS to flip; disabled styling present.,disabled toggle | JS requirement honesty,BTN2-003-T1:regression:PASS; BTN2-003-T2:regression:PASS; BTN2-003-T3:accessibility:PASS,PASS,0,,,2026-06-22
BTN2-004,Toggle-group (.toggle-group) radio/checkbox driven,As a consumer I get a zero-JS segmented control where native radios or checkboxes drive checked styling.,Hidden inputs + adjacent label highlight on :checked; outline border-collapsing; vertical orientation; sizes.,outline + vertical | input-then-label order required | focus-visible ring via input:focus-visible,BTN2-004-T1:error:FAIL; BTN2-004-T2:boundary:FAIL; BTN2-004-T3:boundary:FAIL; BTN2-004-T4:accessibility:PASS; BTN2-004-T5:happy:PASS,PASS (remediated),0,Low,,2026-06-22
BTN2-005,Build / dist-copy / gitignore / tarball / exports,"As a publisher I build a deterministic CSS bundle, copy it into the showcase, gitignore the copy, and ship dist+src via npm.","build.mjs bundles+minifies, copies min into apps/www, dist tracked, www copy ignored; exports resolve; counts/size consistent.",rebuild determinism | tarball file count vs 52 components | exports targets exist,BTN2-005-T1:regression:PASS; BTN2-005-T2:regression:PASS; BTN2-005-T3:happy:PASS; BTN2-005-T4:boundary:PASS; BTN2-005-T5:regression:PASS; BTN2-005-T6:regression:PASS,PASS,0,,,2026-06-22
FRM2-001,Input invalid-state styling (:user-invalid fix),As a user filling a required field I see destructive styling once I leave an invalid empty field.,Empty placeholder-less required input shows destructive border after interaction via :user-invalid.,empty required no placeholder | pristine no :user-invalid | disabled invalid,FRM2-001-T1:regression:PASS; FRM2-001-T2:boundary:PASS,PASS,0,,,2026-06-22
FRM2-002,Input leading/trailing icon padding,As a developer I place a leading or trailing icon in .input-wrap and the input pads only the correct edge.,Leading icon -> start padding; trailing-only -> end padding via .input-trailing.,trailing-only svg without .icon-trailing | svg with .icon-trailing,FRM2-002-T1:regression:PASS; FRM2-002-T2:invalid:FAIL; FRM2-002-T3:happy:PASS,PASS (remediated),0,Low,,2026-06-22
FRM2-003,Textarea styling and validation,As a user I get a multi-line input with hover/focus/invalid states and a char limit demo.,Textarea reflects invalid via :user-invalid; disabled suppresses affordances; maxlength enforced in demo.,disabled textarea hover | empty placeholder-less required | maxlength boundary,FRM2-003-T1:regression:PASS; FRM2-003-T2:regression:PASS; FRM2-003-T3:boundary:FAIL; FRM2-003-T4:invalid:FAIL,PASS (remediated),0,Low,,2026-06-22
FRM2-004,Label and form-field helper,As a developer I label controls and get required markers and invalid help-text coloring.,Label dims when wrapping disabled control; required asterisk; help-text reddens on invalid via :user-invalid.,empty placeholder-less required | disabled wrapped control,FRM2-004-T1:regression:PASS; FRM2-004-T2:accessibility:PASS,PASS,0,,,2026-06-22
FRM2-005,Field wrapper (error/description toggle),As a user I see a description normally and an error message swapped in when the field becomes invalid.,"Valid -> description; invalid (:user-invalid) -> error flex, description hidden, control border destructive.",pristine required on load | select invalid | placeholder-less required,FRM2-005-T1:regression:PASS; FRM2-005-T2:boundary:PASS; FRM2-005-T3:invalid:FAIL; FRM2-005-T4:regression:PASS,PASS (remediated),0,Low,,2026-06-22
FRM2-006,Cascade layer priming and build,As a consumer I get correct cascade precedence and a working dist bundle regardless of import reordering.,@layer priming matches layers used; build emits dist + copies into www; copy gitignored.,bundler reorders imports | tokens unlayered,FRM2-006-T1:regression:PASS; FRM2-006-T2:regression:PASS; FRM2-006-T3:performance:PASS,PASS,0,,,2026-06-22
FRM2-007,Published npm package + CDN resolution,As a consumer I install @russfranky/shadcss or load from CDN and the form CSS resolves.,Tarball ships dist + src; exports resolve; unpkg/jsdelivr serve the bundle.,scoped install path | ./unminified and ./src subpath exports,FRM2-007-T1:happy:PASS; FRM2-007-T2:happy:PASS; FRM2-007-T3:boundary:PASS,PASS,0,,,2026-06-22
FRM2-008,Waiver re-validation (CSS-only limits touching forms),As QA I confirm previously-waived CSS-only limits are still genuine platform limits.,"Re-examine D-069 (inline-handler CSP), D-138 (:has() fallback) for new CSS fixes.",,FRM2-008-T1:security:WAIVED; FRM2-008-T2:boundary:WAIVED,PASS,0,,,2026-06-22
SEL2-001,Native select restyle,As a developer I drop class=select on a native <select> and get a shadcn-styled control with CSS chevron.,"Styles the box, chevron via inline SVG, focus ring, disabled/hover, sm/lg sizes; tokens resolve.",Long option text | open dropdown unstyleable | RTL chevron | focus mouse vs keyboard,SEL2-001-T1:happy:PASS; SEL2-001-T2:accessibility:FAIL; SEL2-001-T3:boundary:WAIVED,PASS (remediated),0,Low,,2026-06-22
SEL2-002,Checkbox indeterminate (D-066 fix),As a developer I style a native checkbox incl. an indeterminate visual; told the IDL property still needs JS.,data-indeterminate paints a mixed bar; header + registry document JS requirement.,AT announces unchecked when only attribute set | checked + data-indeterminate | clip-path checkmark,SEL2-002-T1:regression:PASS; SEL2-002-T2:regression:PASS; SEL2-002-T3:accessibility:WAIVED; SEL2-002-T4:happy:PASS,PASS,0,,,2026-06-22
SEL2-003,Radio + radio-group dedup (D-067/068/137 fixes),As a developer the .radio-group class is owned by exactly one file with one consistent orientation contract.,radio.css no longer defines .radio-group; radio-group.css sole owner; registry radio no longer claims radio-group.,concatenated dist order | data-orientation | data-variant inline | bare native radios lacking .radio,SEL2-003-T1:regression:PASS; SEL2-003-T2:regression:PASS; SEL2-003-T3:regression:PASS; SEL2-003-T4:invalid:PASS; SEL2-003-T5:accessibility:FAIL; SEL2-003-T6:regression:WAIVED,PASS (remediated),0,Low,,2026-06-22
SEL2-004,Build/dist/publish surface,As a consumer I install @russfranky/shadcss and the published artifact matches edited source with correct exports.,"build bundles src into dist (rebuilt), copies min into apps/www (gitignored), tarball ships dist+src.",dist stale vs src | www copy committed | qa leaking | layer priming,SEL2-004-T1:regression:PASS; SEL2-004-T2:regression:PASS; SEL2-004-T3:security:PASS; SEL2-004-T4:boundary:WAIVED; SEL2-004-T5:happy:PASS,PASS,0,,,2026-06-22
CTL2-001,Switch (checkbox toggle),As a user I toggle a setting with an accessible switch that animates the knob and respects RTL and sizes.,role=switch in markup; knob slides on :checked; RTL + sm/lg mirror; focus-visible ring; disabled dimmed.,RTL with sm/lg | disabled knob shadow | native checkbox announced as checkbox not switch,CTL2-001-T1:regression:PASS; CTL2-001-T2:accessibility:FAIL; CTL2-001-T3:boundary:PASS,PASS (remediated),0,Low,,2026-06-22
CTL2-002,Slider (range input),As a user I drag a styled range with a filled track that can follow my value and supports vertical.,Gradient fill via --slider-fill; webkit/moz thumb styled; vertical to-top gradient; fill tracks drag only with JS.,fill static without JS | vertical gradient axis | slider-lg hardcoded 75%,CTL2-002-T1:regression:PASS; CTL2-002-T2:regression:WAIVED; CTL2-002-T3:boundary:PASS; CTL2-002-T4:responsive:WAIVED,PASS,0,,,2026-06-22
CTL2-003,Input OTP,As a user I enter a one-time passcode across labeled digit boxes with a decorative separator.,Each .otp-input styled; focus ring; invalid red; separator aria-hidden; each input aria-labelled; auto-advance needs JS.,eager :invalid on prefilled | second group missing aria-labels | auto-advance needs JS,CTL2-003-T1:regression:FAIL; CTL2-003-T2:invalid:FAIL; CTL2-003-T3:regression:WAIVED,PASS (remediated),0,Low,,2026-06-22
CTL2-004,Progress (native progress),As a user I see determinate and indeterminate progress that animates and respects reduced motion.,Determinate value animates width webkit+moz; indeterminate sweeps gradient; reduced-motion disables.,Firefox value width transition | indeterminate no value | reduced-motion,CTL2-004-T1:regression:PASS; CTL2-004-T2:accessibility:PASS; CTL2-004-T3:boundary:PASS,PASS,0,,,2026-06-22
CTL2-005,"Build dist-copy, gitignore, packaging, layer priming",As a consumer I install @russfranky/shadcss and get a correct dist bundle via npm/CDN; showcase copy gitignored.,"build writes dist + copies to apps/www; dist published, copy gitignored; exports resolve; priming matches.",stale dist | gitignore copy vs dist | CDN deep import | tarball leaking qa,CTL2-005-T1:regression:PASS; CTL2-005-T2:regression:PASS; CTL2-005-T3:security:PASS; CTL2-005-T4:regression:PASS; CTL2-005-T5:error:PASS,PASS,0,,,2026-06-22
SUR2-001,Card,As a developer I compose a card with header/content/footer zones and an opt-in interactive hover-lift.,Bordered surface; footer data-justify end/between/center; interactive lifts on hover and focus-visible with ring.,data-justify unknown falls back | card-content adjacent footer padding | keyboard focus interactive,SUR2-001-T1:regression:PASS; SUR2-001-T2:regression:PASS; SUR2-001-T3:accessibility:FAIL; SUR2-001-T4:boundary:PASS; SUR2-001-T5:accessibility:WAIVED,PASS (remediated),0,Low,,2026-06-22
SUR2-002,Alert,"As a developer I show inline message banners in four status variants, optionally dismissible with no JS.",icon+title+description; variants recolor; dismissible collapses via native details/summary.,dismissed cannot restore | role=alert on details | destructive vs muted description,SUR2-002-T1:regression:PASS; SUR2-002-T2:regression:PASS; SUR2-002-T3:accessibility:WAIVED; SUR2-002-T4:boundary:PASS; SUR2-002-T5:boundary:PASS; SUR2-002-T6:invalid:PASS,PASS,0,,,2026-06-22
SUR2-003,Alert Dialog,As a developer I show a destructive-action confirmation modal on native <dialog> with backdrop and no-JS cancel.,"centered modal with blurred backdrop, fade-in, header/body/footer; cancel via form method=dialog.",standalone import loses backdrop keyframe | narrow viewport clamp | aria-labelledby wiring,SUR2-003-T1:regression:PASS; SUR2-003-T2:regression:PASS; SUR2-003-T3:boundary:PASS; SUR2-003-T4:responsive:PASS; SUR2-003-T5:accessibility:PASS,PASS,0,,,2026-06-22
SUR2-004,Separator,As a developer I add horizontal or vertical dividers that degrade safely for unknown orientation values.,Base horizontal; vertical override flips; unknown orientation falls back to horizontal.,data-orientation=diagonal | vertical in non-stretch flex | role=separator,SUR2-004-T1:regression:PASS; SUR2-004-T2:regression:PASS; SUR2-004-T3:boundary:PASS; SUR2-004-T4:boundary:PASS,PASS,0,,,2026-06-22
SUR2-005,Cascade layer priming,As a bundler-using developer I rely on @layer priming so component precedence survives import reordering.,"Primed order reset,theme,components matches layers used; tokens unlayered so var() resolves.",tokens not in priming | unlayered tokens winning cascade,SUR2-005-T1:regression:PASS; SUR2-005-T2:boundary:PASS,PASS,0,,,2026-06-22
SUR2-006,Build dist-copy + npm tarball + gitignore,As a consumer I install @russfranky/shadcss and the tarball ships dist+src cleanly; showcase copy gitignored.,build writes dist + copies; copy and qa gitignored; tarball only dist/src/README/LICENSE/package.json; exports resolve.,qa/HANDOFF/CLAUDE leaking | registry not published | dist copy committed,SUR2-006-T1:security:PASS; SUR2-006-T2:regression:PASS; SUR2-006-T3:boundary:PASS; SUR2-006-T4:error:WAIVED; SUR2-006-T5:boundary:PASS; SUR2-006-T6:performance:PASS,PASS,0,,,2026-06-22
MED2-001,Avatar,As a developer I place initials or an img inside .avatar and get a sized rounded avatar with fallback + variants.,Fixed-size inline-flex centering content; img fills via object-fit:cover; group overlaps with ring.,text + img | broken img no JS | long fallback overflow | group single-child margin | RTL margin,MED2-001-T1:regression:PASS; MED2-001-T2:regression:WAIVED; MED2-001-T3:happy:PASS; MED2-001-T4:boundary:PASS,PASS,0,,,2026-06-22
MED2-002,Skeleton,"As a developer I show shimmering loading placeholders via .skeleton and text/circle variants, reduced-motion respect.",Animated gradient shimmer; circle/text variants; last line of a text GROUP is 60%; reduced-motion disables.,Single skeleton-text not in group | reduced-motion | explicit width override,MED2-002-T1:regression:PASS; MED2-002-T2:accessibility:PASS; MED2-002-T3:accessibility:WAIVED,PASS,0,,,2026-06-22
MED2-003,Spinner,"As a developer I show a pure-CSS spinner with size/color variants, inline usable, reduced-motion aware.",Rotating border ring via shadcss-spin; size/color variants; reduced-motion slows to 1.5s; role=status in markup.,reduced-motion | spinner-inherit on colored bg | standalone import without keyframe,MED2-003-T1:regression:PASS; MED2-003-T2:regression:PASS; MED2-003-T3:accessibility:PASS; MED2-003-T4:boundary:PASS; MED2-003-T5:boundary:PASS,PASS,0,,,2026-06-22
MED2-004,Aspect Ratio,As a developer I lock media to a ratio with presets (square/video/photo/portrait/cinema/wide/ultra).,Container sets aspect-ratio and clips; replaced-media children absolutely positioned; non-media not stretched.,Text/non-media child | picture/iframe children | decorative div,MED2-004-T1:regression:PASS; MED2-004-T2:happy:PASS; MED2-004-T3:boundary:PASS,PASS,0,,,2026-06-22
MED2-005,Build / dist-copy / @layer cascade / npm packaging,"As a maintainer build bundles src into dist, copies into showcase (gitignored), primes layers, publishes scoped pkg.",@layer priming matches; dist has all rules; www copy gitignored; exports/files resolve; CDN valid.,tokens unlayered vs primed | www copy tracked | bare @import | unpinned unpkg,MED2-005-T1:regression:PASS; MED2-005-T2:regression:PASS; MED2-005-T3:security:PASS; MED2-005-T4:error:PASS,PASS,0,,,2026-06-22
OVL2-001,Popover anchor-positioning @supports fix,"As a consumer on a modern browser, when I open a popover/dropdown it stays positioned under its trigger.",@supports(anchor-name) anchors panel to trigger; without anchor support the non-anchor inset fallback applies.,browser supports anchor-name but nothing wired | popovertarget does not establish implicit anchor,OVL2-001-T1:regression:FAIL; OVL2-001-T2:regression:PASS,PASS (remediated),0,High,,2026-06-22
OVL2-002,Popover registry data-side attribute documentation,"As a consumer reading the registry, documented data-side values match CSS and showcase.",registry popover.attributes lists bottom-start/bottom-end alongside top/start/end.,Showcase uses data-side=bottom-start,OVL2-002-T1:regression:FAIL,PASS (remediated),0,Low,,2026-06-22
OVL2-003,Sheet/Drawer flex body layout,"As a consumer, the sheet/drawer body fills available space and pushes footer to the bottom.",.sheet-body/.drawer-body flex:1 expands within a column flex container so footer pins to bottom.,Short content | Tall content,OVL2-003-T1:boundary:FAIL,PASS (remediated),0,Low,,2026-06-22
OVL2-004,Dialog overflow / scroll and close pattern,"As a consumer, tall dialog content scrolls and the close button can dismiss with no JS.",dialog.dialog has max-height + overflow:auto; .dialog-close documented via form method=dialog.,Content taller than viewport,OVL2-004-T1:regression:PASS; OVL2-004-T2:accessibility:WAIVED,PASS,0,,,2026-06-22
OVL2-005,Sheet/Drawer default-side placement,"As a consumer, a sheet/drawer with no data-side still pins to a sensible edge with a matching slide.",dialog.sheet:not([data-side]) and dialog.drawer:not([data-side]) apply right-edge inset + right slide.,No data-side attribute,OVL2-005-T1:regression:PASS,PASS,0,,,2026-06-22
OVL2-006,Cascade layer priming integrity,"As a consumer bundling shadcss, the cascade layer order survives and components do not override tokens.",Priming names exactly the layers used; tokens unlayered win over layered; dist preserves layers.,Bundler reorders imports | Unlayered tokens vs layered components,OVL2-006-T1:regression:PASS,PASS,0,,,2026-06-22
OVL2-007,"Build dist-copy, gitignore, npm pack surface","As a consumer installing @russfranky/shadcss, the tarball resolves correct exports and dev copy is gitignored.",build writes dist + copies; copy gitignored; npm pack includes dist+src; exports resolve.,CDN unpkg/jsdelivr path | ./src export,OVL2-007-T1:happy:PASS; OVL2-007-T2:happy:PASS; OVL2-007-T3:boundary:PASS,PASS,0,,,2026-06-22
OVL2-008,Drawer/Sheet closed-state AT exposure,"As a screen-reader user, a closed drawer/sheet is not reachable in the tab order.",Closed overlay removed from a11y tree and tab order.,dialog without [open],OVL2-008-T1:accessibility:PASS,PASS,0,,,2026-06-22
MNU2-001,Navigation Menu positioning model (popover vs absolute),As a user I open a nav trigger and the panel appears directly under it.,Panel is position:absolute relative to item; per the header the content must NOT carry popover.,Trigger near right edge | Two nav items open | RTL inset,MNU2-001-T1:regression:FAIL; MNU2-001-T2:boundary:FAIL; MNU2-001-T3:responsive:PASS,PASS (remediated),0,High,,2026-06-22
MNU2-002,Dropdown / Menubar anchor positioning (@supports),As a user the menu opens attached to its trigger on all sides.,"Fallback [data-side] inset rules position the popover; where anchor supported, anchor() attaches to trigger.",No anchor-name set | viewport edge flip | top-end vs bottom-start,MNU2-002-T1:regression:FAIL; MNU2-002-T2:boundary:FAIL; MNU2-002-T3:accessibility:PASS; MNU2-002-T4:regression:PASS,PASS (remediated),0,High,,2026-06-22
MNU2-003,Menubar wrapper class & context-menu wiring,As a developer the showcase classes are defined in CSS/registry; context menu demoed or clearly JS-required.,Every class used exists; context-menu demoed or documented JS-required.,menubar-menu-item unstyled | context-menu undemoed,MNU2-003-T1:regression:WAIVED; MNU2-003-T2:accessibility:FAIL; MNU2-003-T3:accessibility:WAIVED; MNU2-003-T4:regression:PASS,PASS (remediated),0,Low,,2026-06-22
MNU2-004,"Cascade layers, build dist-copy, npm publish surface","As a consumer I install @russfranky/shadcss and the bundle, exports, CDN path, and layer cascade work.",@layer prime matches; build copies dist to showcase gitignored; exports/main/unpkg resolve; size/count accurate.,unlayered tokens vs layered | unpkg bare import | gzip size claim,MNU2-004-T1:regression:PASS; MNU2-004-T2:happy:PASS; MNU2-004-T3:happy:PASS; MNU2-004-T4:performance:PASS; MNU2-004-T5:security:PASS,PASS,0,,,2026-06-22
DIS2-001,Tooltip (pure-CSS ::before/::after),As a developer I add data-tooltip to a trigger and get a hover/focus tooltip in 4 positions with no JS.,Tooltip appears on :hover/:focus-within in 4 positions with arrow; hidden by default; data-wrap wraps.,viewport-edge clipping | RTL logical start/end | focus-within reveal | AT exposure,DIS2-001-T1:regression:PASS; DIS2-001-T2:regression:PASS; DIS2-001-T3:responsive:FAIL; DIS2-001-T4:boundary:WAIVED; DIS2-001-T5:accessibility:PASS,PASS (remediated),0,Low,,2026-06-22
DIS2-002,Hover Card (CSS reveal + popover touch fallback),"As a developer I show a rich preview panel on hover/focus, with a touch fallback.",Hidden by default; shown on hover/focus-within; on touch a popover tap-toggle reveals it.,touch devices no hover | no media query matches | keyboard/AT access,DIS2-002-T1:regression:PASS; DIS2-002-T2:regression:PASS; DIS2-002-T3:error:FAIL; DIS2-002-T4:accessibility:FAIL; DIS2-002-T5:boundary:PASS,PASS (remediated),0,Medium,,2026-06-22
DIS2-003,Accordion (native details + grid animation),As a developer I use native <details> accordions with smooth height animation and single-open behavior.,Native a11y; chevron rotates; content height animates 0fr->1fr; name= gives exclusive open.,closed-content animation under native hiding | chevron-less variant | exclusive via name=,DIS2-003-T1:regression:FAIL; DIS2-003-T2:happy:PASS; DIS2-003-T3:happy:PASS; DIS2-003-T4:boundary:PASS; DIS2-003-T5:accessibility:PASS,PASS (remediated),0,Medium,,2026-06-22
DIS2-004,Collapsible (unstyled details),As a developer I get an unstyled native disclosure with a styled trigger.,details.collapsible with summary.collapsible-trigger; chevron rotates; content reveals.,used on non-details | focus-visible on trigger | grid reveal animation,DIS2-004-T1:regression:PASS; DIS2-004-T2:regression:FAIL; DIS2-004-T3:accessibility:PASS,PASS (remediated),0,Low,,2026-06-22
DIS2-005,Build / dist-copy / publish surface,As a consumer I install @russfranky/shadcss via npm/CDN or import src; build copies bundle into showcase gitignored.,"build bundles+minifies, writes dist, copies min into apps/www; exports resolve; layers prime; tarball dist+src.",layer priming vs layers used | www copy gitignored | tarball contents | exports resolution,DIS2-005-T1:regression:PASS; DIS2-005-T2:regression:PASS; DIS2-005-T3:happy:PASS; DIS2-005-T4:boundary:PASS; DIS2-005-T5:error:PASS,PASS,0,,,2026-06-22
NAV2-001,Tabs (radio + :has),"As a user I switch tab panels with zero JS via native radios, and AT announces the correct selected tab.",Checked radio shows panel + highlights trigger; ARIA reflects live selected tab; roles do not conflict.,>16 tabs need manual rule | vertical + underline | aria-selected must track checked radio,NAV2-001-T1:accessibility:FAIL; NAV2-001-T2:accessibility:FAIL; NAV2-001-T3:regression:PASS; NAV2-001-T4:happy:PASS; NAV2-001-T5:boundary:PASS,PASS (remediated),0,High,,2026-06-22
NAV2-002,Breadcrumb,As a user I see a breadcrumb trail with the current page marked for AT.,Separators via ::after; current item exposes aria-current=page inside an aria-labelled nav.,custom separator > and backslash | wrap on narrow widths,NAV2-002-T1:regression:PASS; NAV2-002-T2:boundary:PASS; NAV2-002-T3:accessibility:PASS,PASS,0,,,2026-06-22
NAV2-003,Pagination,As a user I navigate paged content with the active page marked and disabled controls inert.,aria-current=page styles+disables active; aria-disabled controls non-interactive.,prev/next disabled at ends | ellipsis non-interactive,NAV2-003-T1:happy:PASS; NAV2-003-T2:accessibility:FAIL; NAV2-003-T3:error:PASS,PASS (remediated),0,Low,,2026-06-22
NAV2-004,Sidebar,As a user I navigate a collapsible app sidebar that adapts to mobile.,"Collapse to icon width, mobile slide-in drawer, active item marked; ideally without external JS.",data-collapsed toggle | mobile off-canvas focusability | inert when closed,NAV2-004-T1:regression:FAIL; NAV2-004-T2:regression:FAIL; NAV2-004-T3:accessibility:PASS; NAV2-004-T4:regression:PASS,PASS (remediated),0,Medium,,2026-06-22
NAV2-005,Build / package / cascade integrity,As a consumer I install @russfranky/shadcss and get a correct in-sync CSS bundle; dev preview copy gitignored.,Layer priming matches; dist reproducible and in sync with src and www copy; exports/files/CDN resolve; QA gitignored.,bundler reorder | minifier attr-quote strip | scoped CDN path,NAV2-005-T1:regression:PASS; NAV2-005-T2:happy:PASS; NAV2-005-T3:happy:PASS; NAV2-005-T4:happy:PASS; NAV2-005-T5:boundary:PASS,PASS,0,,,2026-06-22
DAT2-001,Table,"As a developer I want an accessible styled HTML table with sticky header, alignment and compact variants.",native table styled via .table; data-align controls alignment; data-sticky-header pins thead; hover highlight; horizontal scroll.,sticky header z-index | right-aligned numeric | no JS required,DAT2-001-T1:regression:PASS; DAT2-001-T2:accessibility:FAIL; DAT2-001-T3:boundary:PASS; DAT2-001-T4:responsive:PASS,PASS (remediated),0,Low,,2026-06-22
DAT2-002,Calendar,As a developer I want a CSS-grid month calendar with today/selected/range/disabled states.,7-col grid of day buttons; today/selected via aria-pressed/is-today; range via data-range; nav display-only.,aria-disabled day blocks pointer | range radius | reduced motion,DAT2-002-T1:regression:PASS; DAT2-002-T2:accessibility:FAIL; DAT2-002-T3:boundary:PASS; DAT2-002-T4:accessibility:PASS,PASS (remediated),0,Medium,,2026-06-22
DAT2-003,Carousel,As a developer I want a scroll-snap carousel with optional arrows and dots.,native overflow scroll-snap viewport; touch/keyboard scroll zero JS; arrows scrollBy; dots indicators.,reduced-motion disables smooth scroll | small viewport sizing | scrollbar hidden,DAT2-003-T1:regression:PASS; DAT2-003-T2:accessibility:FAIL; DAT2-003-T3:regression:PASS; DAT2-003-T4:accessibility:WAIVED,PASS (remediated),0,Medium,,2026-06-22
DAT2-004,Command palette,As a developer I want a styled cmdk-like command palette shell shown via the Popover API.,"flex column shell with input, scrollable list, groups, items, separators, shortcuts, empty + footer; search/nav need JS.",data-selected highlight | empty state | popover positioning,DAT2-004-T1:regression:FAIL; DAT2-004-T2:accessibility:PASS; DAT2-004-T3:boundary:PASS; DAT2-004-T4:performance:PASS,PASS (remediated),0,Low,,2026-06-22
DAT2-005,Build / packaging / cascade integrity,As a consumer installing @russfranky/shadcss I want a correct published bundle with intact cascade layers and gitignored dev copy.,@layer priming matches; dist built from source; www copy gitignored; npm files include dist+src.,layer priming mismatch | stale www copy | qa artifacts publication,DAT2-005-T1:regression:PASS; DAT2-005-T2:regression:PASS; DAT2-005-T3:security:PASS; DAT2-005-T4:regression:PASS,PASS,0,,,2026-06-22
FBK2-001,Toast component (toast.css),As a developer I want pure-CSS toast notifications using the Popover API with auto-dismiss and variants.,"toast.css defines region, toast, in/out keyframes, variants, reduced-motion; documented honestly; exercised by showcase.",Persistent toast | reduced-motion | top-position variant | standalone import without tokens,FBK2-001-T1:regression:PASS; FBK2-001-T2:regression:FAIL; FBK2-001-T3:regression:WAIVED; FBK2-001-T4:accessibility:PASS; FBK2-001-T5:boundary:PASS,PASS (remediated),0,Low,,2026-06-22
FBK2-002,Sonner rich toast (sonner.css),As a developer I want a richer toast with title/description/action/loading and stacking.,"sonner.css defines region, item, variants, loading spinner with local keyframe, position variants, reduced-motion.",loading spinner standalone | persistent sonner | 5 positions | icon-only close label,FBK2-002-T1:regression:PASS; FBK2-002-T2:regression:PASS; FBK2-002-T3:accessibility:FAIL; FBK2-002-T4:regression:WAIVED; FBK2-002-T5:boundary:PASS; FBK2-002-T6:responsive:PASS,PASS (remediated),0,Low,,2026-06-22
FBK2-003,Empty state (empty.css),"As a developer I want a centered empty-state placeholder with icon, title, description and CTAs.","centers content, styles icon bubble/title/description/actions and content-type variants.",error/success/warning variants | long description max-width | decorative icon a11y,FBK2-003-T1:happy:PASS; FBK2-003-T2:accessibility:FAIL; FBK2-003-T3:boundary:PASS; FBK2-003-T4:invalid:PASS,PASS (remediated),0,Low,,2026-06-22
FBK2-004,Scroll area (scroll-area.css),As a developer I want a scroll container with a thin custom scrollbar and size/hidden/persistent variants.,"styles WebKit + Firefox scrollbars, size variants (WebKit-only documented), persistent and hidden variants.",Firefox per-element thickness limit | scrollbar fully hidden | persistent always-visible,FBK2-004-T1:regression:PASS; FBK2-004-T2:boundary:WAIVED; FBK2-004-T3:happy:PASS; FBK2-004-T4:boundary:PASS; FBK2-004-T5:accessibility:PASS,PASS,0,,,2026-06-22
FBK2-005,"Build, packaging & published-artifact surface","As a consumer I want the published @russfranky/shadcss tarball, exports, dist-copy and layer cascade correct.",build deterministically produces dist + apps/www copy; @layer primed; exports/files coherent; copy gitignored; counts consistent.,layer priming vs used | www ignored but dist published | rebuild determinism | exports resolution,FBK2-005-T1:regression:PASS; FBK2-005-T2:regression:PASS; FBK2-005-T3:regression:PASS; FBK2-005-T4:boundary:PASS; FBK2-005-T5:regression:PASS; FBK2-005-T6:security:PASS,PASS,0,,,2026-06-22
MSC2-001,Kbd keyboard indicator,As a developer I drop <kbd> elements to show keyboard shortcuts with consistent styling.,kbd/.kbd renders an inline-flex pill using design tokens; consistent inside .prose too.,Multiple adjacent kbd | kbd inside .prose | Long key labels,MSC2-001-T1:happy:PASS; MSC2-001-T2:regression:PASS; MSC2-001-T3:boundary:PASS; MSC2-001-T4:happy:PASS,PASS,0,,,2026-06-22
MSC2-002,Container max-width wrapper,As a developer I wrap page content in .container for centered responsive max-width.,.container centers with responsive padding; size modifiers cap max-width.,container-full = 100% | container-xl equals base 80rem | sub-640px padding,MSC2-002-T1:regression:PASS; MSC2-002-T2:boundary:PASS; MSC2-002-T3:responsive:PASS; MSC2-002-T4:happy:PASS,PASS,0,,,2026-06-22
MSC2-003,Resizable panel group,As a developer I lay out resizable panels with a draggable divider (JS-paired).,"Panels share space, handle is a thin 4px divider with grip, focusable+announced, correct rounding.",Vertical rounding | Default no direction | Handle focus | Handle width in grid track,MSC2-003-T1:accessibility:FAIL; MSC2-003-T2:boundary:FAIL; MSC2-003-T3:regression:PASS; MSC2-003-T4:regression:PASS; MSC2-003-T5:boundary:PASS; MSC2-003-T6:error:PASS,PASS (remediated),0,High,,2026-06-22
MSC2-004,Typography / prose,As an author I wrap long-form content in .prose for readable defaults.,"Headings, paragraphs, lists, code, blockquote, table, mark styled from tokens; lead and inline highlight.",mark uses --warning | kbd inside prose | pre code reset | max-width 70ch vs demo 65ch,MSC2-004-T1:happy:PASS; MSC2-004-T2:happy:PASS; MSC2-004-T3:boundary:PASS; MSC2-004-T4:accessibility:PASS; MSC2-004-T5:security:PASS,PASS,0,,,2026-06-22
MSC2-005,Build / dist-copy / npm packaging / cascade-layer priming,As a consumer I install @russfranky/shadcss via npm/CDN and the bundled CSS preserves cascade-layer order.,dist built with layers reset->theme->components in correct precedence; tarball dist+src; CDN resolves; gitignore excludes copy.,Minifier stripping priming | unpkg bare vs explicit | gzip 16KB claim | exports resolution,MSC2-005-T1:regression:PASS; MSC2-005-T2:happy:PASS; MSC2-005-T3:performance:PASS; MSC2-005-T4:happy:PASS; MSC2-005-T5:boundary:PASS; MSC2-005-T6:regression:PASS,PASS,0,,,2026-06-22
BAS2-001,@layer priming line correctness,"As a consumer importing src/shadcss.css through a bundler, I want layer precedence fixed up-front.","Priming lists exactly the layers used (reset,theme,components) low-to-high; no other layer name used.",bundler reorders @import | tokens.css unlayered | reduced-motion unlayered with !important,BAS2-001-T1:regression:PASS; BAS2-001-T2:regression:PASS; BAS2-001-T3:regression:PASS; BAS2-001-T4:boundary:PASS,PASS,0,,,2026-06-22
BAS2-002,Design tokens incl new dark status + distinct z-popover,As a theme author I want complete status tokens with proper dark values and a distinct z-popover.,Light & dark define success/warning/info with foregrounds; z-popover unique between modal and toast.,prefers-color-scheme dark without data-theme | data-theme=light overriding | warning yellow contrast,BAS2-002-T1:happy:PASS; BAS2-002-T2:boundary:PASS; BAS2-002-T3:accessibility:PASS; BAS2-002-T4:accessibility:PASS; BAS2-002-T5:regression:PASS; BAS2-002-T6:invalid:PASS,PASS,0,,,2026-06-22
BAS2-003,Reset layer correctness,"As a developer I want a low-layer reset that components override without !important, plus a non-overridable reduced-motion guard.",Reset in @layer reset; reduced-motion unlayered + !important so it always wins; popover/modal base valid.,::before/::after rewritten by minifier | reduced-motion override by components,BAS2-003-T1:regression:PASS; BAS2-003-T2:regression:PASS; BAS2-003-T3:boundary:PASS,PASS,0,,,2026-06-22
BAS2-004,@import order in entrypoint,As a consumer of src/shadcss.css I want tokens imported before components since components have no var fallbacks.,reset -> tokens -> theme -> components import order; tokens before any component.,standalone component import without tokens (D-083 waived),BAS2-004-T1:happy:PASS; BAS2-004-T2:regression:WAIVED,PASS,0,,,2026-06-22
BAS2-005,Build dist-copy + gitignore + npm tarball,"As a publisher I want build to emit dist + copy a preview build into apps/www, with copy gitignored but dist published.",build writes dist css + min.css + apps/www copy; copy gitignored; dist tracked/published; tarball dist+src.,www copy committed before ignore | exports map resolution | gzip badge consistency,BAS2-005-T1:regression:PASS; BAS2-005-T2:happy:PASS; BAS2-005-T3:happy:PASS; BAS2-005-T4:regression:PASS; BAS2-005-T5:regression:PASS; BAS2-005-T6:performance:PASS,PASS,0,,,2026-06-22
DST2-001,Build dist-copy into showcase + gitignore,"As a maintainer, when I run the build the minified bundle is copied into apps/www so the showcase renders, and that copy is not committed.",build writes dist css + copies the minified output to apps/www; copy gitignored; showcase links it.,apps/www directory missing | fresh clone without build run | direct npm publish,DST2-001-T1:happy:PASS; DST2-001-T2:error:FAIL; DST2-001-T3:boundary:FAIL,PASS (remediated),0,Medium,,2026-06-22
DST2-002,npm tarball files/exports for scoped @russfranky/shadcss,As a consumer I install @russfranky/shadcss and import the CSS via the package name or a subpath.,Tarball ships dist + src + README + LICENSE; exports['.']->dist min; main/style same; bare @import resolves to exports['.'].,bundler honoring exports vs legacy main | unminified and src subpath,DST2-002-T1:happy:PASS; DST2-002-T2:happy:PASS; DST2-002-T3:boundary:PASS,PASS,0,,,2026-06-22
DST2-003,CDN (unpkg) usage snippets,As a consumer I drop a CDN link tag and get the bundle.,Bare unpkg URL resolves via main; explicit /dist path also works; snippets consistent across www/README/AI_GUIDE.,bare specifier relying on main | scoped package URL encoding,DST2-003-T1:happy:PASS; DST2-003-T2:happy:PASS,PASS,0,,,2026-06-22
DST2-004,Version / name / count / size consistency,"As a consumer the advertised version, component count and bundle size match reality.",0.1.0 everywhere; 52 components; ~16 KB gzip matching build.,root vs package version drift | www stat vs actual build,DST2-004-T1:happy:PASS; DST2-004-T2:happy:PASS; DST2-004-T3:happy:PASS,PASS,0,,,2026-06-22
DST2-005,pnpm->npm migration completeness,As a maintainer there are no stray pnpm references after migrating to npm.,No pnpm-workspace.yaml/lock; only npm; package-lock present; packageManager=npm.,docs mentioning pnpm historically,DST2-005-T1:happy:PASS,PASS,0,,,2026-06-22
DST2-006,"Build correctness: pinned serve, removed dead read, layer priming, anchor @supports",As a maintainer the iteration-1 fixes are actually correct.,serve exact-pinned; build.mjs no dead read; @layer priming matches; anchor @supports has real fallback; :user-invalid scoped.,unlayered tokens winning | anchor() logical-side syntax,DST2-006-T1:regression:PASS; DST2-006-T2:regression:PASS; DST2-006-T3:regression:PASS; DST2-006-T4:regression:PASS; DST2-006-T5:regression:PASS,PASS,0,,,2026-06-22
DST2-007,Publish safety: stale-dist risk and qa artifact gitignore,"As a maintainer publishing should never ship stale dist, and internal qa artifacts should not leak.",A prepublishOnly/prepack rebuilds dist; internal qa not published; gitignore scope intentional.,npm publish bypassing root release script | root qa/ vs package qa/ tracking,DST2-007-T1:error:FAIL; DST2-007-T2:security:PASS,PASS (remediated),0,Low,,2026-06-22
DST2-008,Waiver re-validation: CSS-only toggles for showcase interactions,"As a reviewer, waivers claiming 'needs JS' should be re-checked for now-feasible CSS-only solutions.",Genuinely platform-limited stay WAIVED; items fixable with :has()/:target/checkbox become FAIL with a fix.,AT semantics needing ARIA/JS | interaction state CSS :target/:has can express,DST2-008-T1:regression:FAIL; DST2-008-T2:regression:WAIVED,PASS (remediated),0,Low,,2026-06-22
SHO2-001,Tabs ARIA correctness (CSS radio tabs),As a screen-reader user I navigate the Tabs component and hear the selected tab and its panel correctly.,role=tablist/tab/tabpanel on correct nodes; aria-selected reflects live checked tab; tabs link to panels; focusable control is the tab.,switching updates aria-selected | tabpanel association,SHO2-001-T1:accessibility:FAIL; SHO2-001-T2:accessibility:FAIL,PASS (remediated),0,High,,2026-06-22
SHO2-002,Popover/Dropdown/Menubar anchor-positioning fix (D-002),As a user I expect dropdown/popover/menubar panels to appear directly under their trigger.,@supports(anchor-name) must actually anchor to the trigger AND have a working fallback.,anchor-capable browser without anchor-name wired | non-anchor browser,SHO2-002-T1:regression:FAIL; SHO2-002-T2:regression:PASS,PASS (remediated),0,High,,2026-06-22
SHO2-003,"Menu/role wiring (dropdown, menubar, command)",As a SR user I open menus and hear menu/menuitem roles and expanded state.,"role=menu on panel, role=menuitem on items, aria-haspopup/aria-expanded on trigger synced via ontoggle.",popover toggle updates aria-expanded,SHO2-003-T1:accessibility:PASS; SHO2-003-T2:accessibility:PASS,PASS,0,,,2026-06-22
SHO2-004,Carousel dots role=tablist,As a SR user I understand the slide indicators.,"role=tablist must contain role=tab children, not arbitrary buttons.",,SHO2-004-T1:accessibility:FAIL,PASS (remediated),0,Medium,,2026-06-22
SHO2-005,Calendar grid roles,As a SR user I navigate the calendar grid.,role=grid > role=row > role=gridcell; consistent roles across cells.,,SHO2-005-T1:accessibility:FAIL; SHO2-005-T2:accessibility:FAIL,PASS (remediated),0,Medium,,2026-06-22
SHO2-006,OTP input aria-labels,As a SR user each OTP digit input is labelled.,all 8 inputs labelled.,,SHO2-006-T1:accessibility:FAIL,PASS (remediated),0,Low,,2026-06-22
SHO2-007,Static link/asset integrity & consistency,As a visitor the page loads its CSS and resource links resolve.,./shadcss.min.css present; AI_GUIDE/registry links resolve; counts (52) and gzip (16KB) accurate.,,SHO2-007-T1:happy:PASS; SHO2-007-T2:happy:PASS; SHO2-007-T3:boundary:PASS; SHO2-007-T4:security:PASS,PASS,0,,,2026-06-22
SHO2-008,npm package exports / install paths,As a consumer I install @russfranky/shadcss and import the CSS via documented paths.,exports + main/style point to existing files; documented import statements resolve.,bare @import resolution | CDN /dist path,SHO2-008-T1:happy:PASS; SHO2-008-T2:error:FAIL; SHO2-008-T3:happy:PASS,PASS (remediated),0,Low,,2026-06-22
SHO2-009,:user-invalid scope (over-broad re-check),As a user only genuinely-invalid fields turn red and reveal errors.,:user-invalid / :has(:invalid:not(:placeholder-shown)) reveals errors only after interaction and only for the offending field.,select with no invalid option | textarea without required | placeholderless required,SHO2-009-T1:regression:PASS,PASS,0,,,2026-06-22
SHO2-010,Theme toggle aria-pressed wiring + live regions,As a SR user the theme toggle exposes pressed state and toasts announce.,aria-pressed initial matches theme and updates on click; toast region is a live region; alerts have role=alert.,initial light theme,SHO2-010-T1:accessibility:PASS; SHO2-010-T2:accessibility:PASS; SHO2-010-T3:accessibility:WAIVED,PASS,0,,,2026-06-22
SHO2-011,Separator role correctness,As a SR user vertical separators are exposed correctly.,role=separator with aria-orientation on non-focusable dividers.,,SHO2-011-T1:accessibility:PASS,PASS,0,,,2026-06-22
SHO2-012,Accordion exclusive group regression,As a user opening one FAQ closes others.,name=faq makes details mutually exclusive; only one open at load.,multiple open attrs,SHO2-012-T1:regression:PASS,PASS,0,,,2026-06-22
REG2-001,Registry manifest integrity (de-fraud),"As an AI/dev consumer I want registry.json honest, complete (52), schema-disclaimed, and accurate.","No $schema, honest note, 52 entries matching 52 css files, accurate markup/classes.",chart/data-table virtual not in components array | container entry present,REG2-001-T1:happy:PASS; REG2-001-T2:happy:PASS; REG2-001-T3:happy:PASS; REG2-001-T4:accessibility:FAIL,PASS (remediated),0,Low,,2026-06-22
REG2-002,Tabs ARIA correctness in registry markup,As an a11y consumer I want the tabs markup to expose a valid ARIA tab pattern.,tablist contains only tab roles; tabs linked to panels via aria-controls/labelledby.,radio inputs live inside tabs-list,REG2-002-T1:accessibility:FAIL; REG2-002-T2:accessibility:FAIL,PASS (remediated),0,Medium,,2026-06-22
REG2-003,CSS anchor-positioning fallback correctness,"As a dev I want the @supports anchor block to actually position popovers, not silently break.",anchor() rules resolve against the trigger; otherwise fallback inset applies.,popovertarget does not auto-establish a position-anchor,REG2-003-T1:boundary:FAIL; REG2-003-T2:happy:PASS,PASS (remediated),0,Medium,,2026-06-22
REG2-004,Cascade layer priming,As a dev I want @layer priming to match used layers so the cascade order is correct.,Priming line lists exactly the layers used in source.,,REG2-004-T1:happy:PASS,PASS,0,,,2026-06-22
REG2-005,:user-invalid over-broad match (waiver re-validate),"As a dev I want invalid-state styles to fire only after interaction, not on initial render of empty required fields.",No premature error display on untouched fields.,empty required field on load | select:invalid with no placeholder option,REG2-005-T1:boundary:FAIL; REG2-005-T2:happy:PASS,PASS (remediated),0,Low,,2026-06-22
REG2-006,Claims honesty: count/size/non-affiliation/scope,As a reader I want claims to be honest and consistent post de-fraud.,"52 count, ~16KB verified, non-affiliation disclaimer, scoped @russfranky/shadcss, no absolutist 0-JS.",package.json description still absolutist,REG2-006-T1:happy:PASS; REG2-006-T2:happy:PASS; REG2-006-T3:happy:PASS; REG2-006-T4:invalid:FAIL; REG2-006-T5:invalid:FAIL,PASS (remediated),0,Medium,,2026-06-22
REG2-007,npm tarball / exports / dist-copy / gitignore / CDN,"As a publisher I want exports to resolve, the dist-copy gitignored, qa excluded from the tarball, CDN usage safe.",exports valid; dist built; copy + qa gitignored; files whitelist excludes qa; CDN URL pinned.,CSS exports condition,REG2-007-T1:happy:PASS; REG2-007-T2:security:PASS; REG2-007-T3:boundary:FAIL; REG2-007-T4:happy:PASS,PASS (remediated),0,Low,,2026-06-22
