Defect ID,Feature ID,Test ID,Reproduction / Scenario,Expected Result,Actual Result,Severity,Root Cause Hypothesis,Proposed Smallest-Safe Fix,Status
D-001,FBK-001,FBK-001-T4,Screen-reader announcement / role=status or aria-live,toast region exposes role=status or aria-live=polite,No role/aria-live in CSS or registry markup; pointer-events:none on region but no live region semantics,High,CSS cannot add ARIA; component ships no semantic guidance,Add role=status aria-live=polite to .toast-region in registry markup/docs,Fixed
D-002,MNU-003,MNU-003-T2,Positioning conflict: absolute CSS vs popover top-layer,Panel appears directly under its trigger,"CSS positions content position:absolute relative to .navigation-menu-item, but showcase marks it popover which promotes to top layer where absolute offset is viewport-relative, breaking under-trigger anchoring",High,"Popover elements render in the top layer; position:absolute resolves against the initial containing block, not the trigger","Choose one model: drop popover and use :focus-within/:has, OR keep popover and use anchor positioning",Fixed
D-003,MSC-003,MSC-003-T2,Keyboard focus shows on handle,focus-visible outline,"Outline declared but handle is a plain <div> with no tabindex/role=separator/aria-valuenow in registry markup, so it is not focusable or announced",High,Handle needs tabindex=0 and role=separator with aria values; CSS focus style is dead without focusability,Document required attributes (tabindex=0 role=separator aria-orientation aria-valuenow),Fixed
D-004,REG-003,REG-003-T2,The project own showcase honors 0 lines of JavaScript,apps/www/index.html uses no JS handlers,"index.html contains 19 onclick, 5 showModal, 5 showPopover, 6 hidePopover inline handlers — JavaScript is required to demo the components",High,Modal/popover/toast components require JS to open or close; the headline 0 lines of JavaScript is contradicted by canonical usage,Requalify headline to almost zero JS / no JS framework and note dialog/popover need one-liner triggers,Fixed
D-005,REG-006,REG-006-T1,Check that npm package shadcss is published,registry.npmjs.org/shadcss returns package metadata,registry.npmjs.org/shadcss returns HTTP 404 — package not published; npm install shadcss would fail,High,Library has never been published to npm; install/CDN instructions are aspirational,"Publish to npm, or mark install instructions coming soon / use a GitHub/jsDelivr URL",Fixed
D-006,REG-006,REG-006-T2,unpkg CDN URL resolvability,unpkg.com/shadcss/dist/shadcss.min.css serves the file,"unpkg resolves from npm; since shadcss is unpublished (404), the CDN URL cannot resolve",High,Same unpublished-package root cause,"Publish package, or replace CDN snippet with jsdelivr GitHub URL",Fixed
D-007,SHO-001,SHO-001-T2,Serve root at apps/www (dev script) and request ../../ path,npx serve may block path traversal above served root,dev script serve . roots at apps/www; ../../ escapes the served root and most static servers 403/404 such traversal,High,Relative href points outside the served directory; serve sandboxes to its root,"Copy/symlink dist into apps/www and reference ./shadcss.min.css, or run the dev server from repo root",Fixed
D-008,SHO-002,SHO-002-T2,serve roots at apps/www but CSS lives two levels up,All assets reachable from server root,"CSS href ../../packages/... escapes serve root, breaking styling under the documented dev command",High,Server root and asset path mismatch,Serve from repo root or vendor the CSS into apps/www,Fixed
D-009,SHO-003,SHO-003-T1,Count inline JS handlers in showcase,Zero if claim holds,"19 onclick, 5 showModal, 5 showPopover, 6 hidePopover, 1 oninput, 1 onerror present",High,Native dialog/popover/theme/slider need JS to trigger; claim ignores showcase glue code,Reword claim to 0 JS in the framework CSS; showcase uses minimal inline triggers,Fixed
D-010,BAS-002,BAS-002-T3,Auto-dark omits status tokens that explicit dark redefines,Auto dark and explicit dark yield identical palette,"Explicit dark redefines --success/--warning/--info but the media-query block does NOT, so under OS-dark the success color stays its light value — inconsistent",Medium,Auto-dark block hand-maintained and drifted from explicit dark,Add --success/--warning/--info and -foreground to the prefers-color-scheme block,Fixed
D-011,BAS-003,BAS-003-T2,Order survives import reordering by a bundler,"An explicit @layer reset, theme, components; priming line guarantees order","No priming statement exists; order depends entirely on first-appearance, so reordering imports inverts precedence",Medium,Layer priority not declared up-front; fragile against tooling that changes source order,"Add @layer reset, theme, components; as the first statement",Fixed
D-012,BLD-002,BLD-002-T4,www dev fetches serve via npx at runtime,No unpinned remote code execution surprises,"dev = npx -y serve . -l 3333. -y auto-installs latest serve unpinned; supply-chain exposure on each run, not added to devDependencies",Medium,Convenience over reproducibility; serve not pinned,Add serve to devDependencies with a pinned version and call via local bin,Fixed
D-013,BLD-003,BLD-003-T1,packageManager=pnpm but only package-lock.json committed,pnpm-lock.yaml present if pnpm is the manager,"package.json declares pnpm@9.0.0; repo root contains package-lock.json, no pnpm-lock.yaml. Corepack pnpm install would ignore package-lock.json and regenerate, drifting deps",Medium,Installed with npm while declaring pnpm; lockfile never migrated,"Pick one: commit pnpm-lock.yaml and delete package-lock.json, or set packageManager to npm version used",Fixed
D-014,BTN-002,BTN-002-T3,Infinite animation runs continuously,animation respects reduced-motion,No prefers-reduced-motion guard on shadcss-spin; animation runs unconditionally,Medium,Missing @media (prefers-reduced-motion: reduce) override,Add @media (prefers-reduced-motion: reduce){ .btn[aria-busy=true]::after{ animation: none } },Fixed
D-015,BTN-004,BTN-004-T2,Toggle changes state with zero JavaScript as framework implies,Clicking toggles pressed state without JS,"CSS only styles [aria-pressed]; nothing flips the attribute, so a standalone .toggle needs JS to function",Medium,aria-pressed is not mutated by CSS; README 0 JS claim is contradicted for interactive toggle,"Document that .toggle requires JS to flip aria-pressed, or recommend .toggle-group",Fixed
D-016,BTN-005,BTN-005-T3,Label nested-inside-input or reordered markup breaks highlight,Graceful selection styling,Highlight depends strictly on adjacent-sibling order; any wrapping label-around-input yields no checked styling,Medium,Adjacent-sibling combinator is order/structure-fragile and undocumented as a hard requirement,Document required input->label sibling order explicitly in registry markup/notes,Fixed
D-017,BTN-006,BTN-006-T2,registry.json validates against cited shadcn schema,Conforms to https://ui.shadcn.com/schema.json,Uses non-conforming shape (components[] with file/deps/markup; shadcn uses items with type/files[].path/registryDependencies),Medium,$schema points at shadcn but the document is a bespoke format,Either remove the $schema line or publish/point to a custom schema matching this shape,Fixed
D-018,CTL-002,CTL-002-T2,Fill does not track dragging without JS,Fill follows thumb as user drags,"--slider-fill is static unless JS updates it; only the volume slider has oninput JS, the brightness slider has a hardcoded 75%",Medium,Pure CSS cannot read range value into a custom property,"Document that fill requires JS, or ship a tiny oninput snippet",Fixed
D-019,CTL-003,CTL-003-T3,Auto-advance to next box on digit entry,Typing a digit moves focus to next box,"No JS present; with maxlength=1 focus does not advance, user must manually tab/click",Medium,OTP auto-advance is inherently JS; the file header admits pure-CSS not possible,"Ship optional JS for auto-advance, or document as visual-only",Waived
D-020,CTL-005,CTL-005-T1,Entry shape vs cited shadcn schema,"Entries conform to shadcn schema (type, files[], registryDependencies)","Entries use non-shadcn fields: file (string), deps, classes, markup, attributes; no type/files[]/registryDependencies",Medium,Custom registry format reusing shadcn $schema URL,Either point $schema at a custom schema or remap fields,Fixed
D-021,DAT-002,DAT-002-T2,Header nav buttons actually change month,Clicking prev/next navigates months,Nav buttons styled but have NO handler in showcase; file comment claims pure-CSS navigation but no mechanism exists,Medium,Calendar ships visual layer only; the No JS for navigation claim overstates,Remove the No JS for navigation claim or ship the documented month-switch markup,Fixed
D-022,DAT-002,DAT-002-T4,Grid exposes calendar/grid semantics to AT,role=grid / gridcell or table semantics,"Markup uses <button> day cells inside plain div; no role=grid, columnheader, or aria-label on grid; weekday letters are bare span",Medium,File comment claims accessible markup but no ARIA grid roles provided,"Recommend role=grid on .calendar-grid, role=columnheader on weekdays, aria-label dates",Fixed
D-023,DAT-003,DAT-003-T2,Arrow buttons advance the carousel,Prev/Next move the viewport,"CSS only styles .carousel-btn; advancing relies on inline onclick scrollBy, contradicting zero-JS",Medium,Arrow navigation not achievable in pure CSS; showcase uses inline onclick,Document arrows as requiring JS (or CSS ::scroll-button); do not present as zero-JS,Fixed
D-024,DAT-004,DAT-004-T2,Typing filters/fuzzy-searches the list,"Input narrows results, shows empty state when none",No filtering mechanism; .command-empty is static styling only; comment admits search needs JS,Medium,Fuzzy search not expressible in CSS; header references a <datalist> pattern absent from file,Keep shell + JS framing; remove the unfulfilled <datalist> reference or provide that example,Fixed
D-025,DAT-004,DAT-004-T3,Palette exposes combobox/listbox roles for AT,"role=dialog/combobox, listbox + option roles, aria-activedescendant",No ARIA roles; items are button/a with class only; selection uses data-selected not aria-selected,Medium,Selection state uses non-semantic data-selected; no combobox/listbox semantics,"Recommend role=dialog/listbox/option + aria-selected, aria-activedescendant wiring",Waived
D-026,DIS-001,DIS-001-T2,Screen reader announces tooltip text,Tooltip content exposed via role=tooltip / aria-describedby,"Content is pure CSS generated content from attr(data-tooltip); no role, no aria-describedby; generated content inconsistently exposed by AT",Medium,CSS ::after generated content is not a reliable accessibility tree node,Document requiring authors to also set aria-label/aria-describedby; cannot be fixed in CSS alone,Fixed
D-027,DIS-002,DIS-002-T3,Touch device tap to open hover-card,Comment promises tap-toggle via popover,@media (hover:none) sets display:none with no override; panel can never open on touch,Medium,Promised popover tap fallback was never implemented; only the hide rule exists,"Add [popover] to .hover-card-panel and a :popover-open display:block rule, or remove the misleading comment",Fixed
D-028,DIS-002,DIS-002-T4,Browser/UA where no hover media query matches,Panel hidden by default,display:none only lives inside the hover-media block; outside it the panel has no display rule so it renders visible by default,Medium,Base hidden state is nested inside the hover feature query instead of being a default rule,"Move .hover-card-panel { display:none } to the top-level block, only flip to block on hover",Fixed
D-029,DIS-002,DIS-002-T5,Keyboard/AT access to hover-card content,Panel reachable and announced,:focus-within reveal exists but only under pointer:fine; no ARIA relationship between trigger and panel,Medium,No ARIA wiring and reveal gated behind pointer:fine media query,Provide :focus-within reveal outside the pointer:fine gate and document aria-describedby,Fixed
D-030,DIS-005,DIS-005-T2,Document conforms to cited $schema,Validates against https://ui.shadcn.com/schema.json,shadcn schema requires items with type/files[]/registryDependencies; this doc uses a bespoke components[] shape,Medium,$schema URL copied from shadcn but the document is a custom format,Drop the $schema reference or point it at a self-authored schema,Fixed
D-031,FBK-001,FBK-001-T2,Auto-dismiss with Popover API: claim of pure-CSS auto-dismiss for popover toasts is misleading,Popover toast auto-dismisses and is removed from top layer by CSS,"CSS has zero :popover-open / @starting-style rules; after out-animation the popover is still open in top layer, only visually hidden; true removal needs JS hidePopover",Medium,CSS cannot call hidePopover; popover lifecycle is JS-controlled,Document that popover toasts require JS hidePopover; reserve CSS auto-dismiss claim for in-flow toasts,Fixed
D-032,FBK-002,FBK-002-T2,sonner-loading spinner depends on shadcss-spin keyframe not defined in sonner.css,@keyframes shadcss-spin available so svg spins,"sonner.css references shadcss-spin but does not define it; works only if another loaded component defines it. If imported standalone, spinner is static",Medium,Cross-file keyframe dependency not declared in registry deps,Define shadcss-spin in sonner.css or add spinner to sonner deps,Fixed
D-033,FBK-002,FBK-002-T3,Showcase applies popover to .sonner but CSS has no :popover-open,auto-dismiss via CSS,no :popover-open/@starting-style; demo stays open until manual hidePopover; the 4s out animation only fades visually,Medium,Popover lifecycle is JS-driven; CSS animation cannot pop the element,Document JS hidePopover requirement; do not claim pure-CSS dismiss for popover usage,Fixed
D-034,FBK-002,FBK-002-T6,sonner-close button has no accessible label,close button labeled (aria-label) for SR,"CSS only; showcase close button contains svg-only, no aria-label",Medium,Icon-only button without text/aria-label,Add aria-label=Close to .sonner-close in markup/docs,Fixed
D-035,FRM-001,FRM-001-T2,Required input WITHOUT a placeholder fails validation but shows no destructive border,Invalid empty required field shows destructive styling,":invalid:not(:placeholder-shown) cannot match an empty field that has no placeholder, so border stays neutral",Medium,Uses :placeholder-shown as a proxy for empty; without a placeholder the pseudo never applies,Add :user-invalid as an additional selector to cover placeholder-less fields,Fixed
D-036,FRM-004,FRM-004-T2,"Required text field WITHOUT placeholder, left empty and submitted",Empty required field shows its error message,:has(:invalid:not(:placeholder-shown)) cannot match an empty placeholder-less input; error stays hidden,Medium,Empty-state detection relies on :placeholder-shown; placeholder-less required text inputs never expose their error,Add .field:has(:user-invalid) .field-error { display:flex },Fixed
D-037,FRM-004,FRM-004-T5,Error message programmatic association,Error linked to control via aria-describedby / aria-invalid,CSS only toggles visibility; no aria wiring exists; screen readers will not announce the revealed error,Medium,Validation purely visual via :has(); no aria-invalid/aria-describedby relationship,Document required markup: add aria-describedby and aria-invalid (CSS cannot supply this),Fixed
D-038,FRM-005,FRM-005-T2,Document validates against its cited $schema,Shape conforms to shadcn registry schema,"Cited schema expects items[].files[].{path,type}; this file uses components[] with file/deps/markup/classes and a tokens object — non-conforming",Medium,$schema URL copied from shadcn but the document uses a bespoke shape,Either remove/replace the $schema or restructure entries,Fixed
D-039,MED-001,MED-001-T3,Broken image URL,Component shows text fallback without JS,"A failed img leaves a broken-image box; recovery requires inline onerror JS, contradicting zero-JS claim",Medium,CSS cannot detect img load failure,"Document onerror JS requirement, or render text under an absolutely-positioned img",Waived
D-040,MED-003,MED-003-T5,Spinner announced as busy/loading,role=status / aria-label hook,No ARIA; showcase spinners are bare div with no label or role=status,Medium,CSS-only component cannot add semantics; docs omit guidance,Add registry markup guidance recommending role=status aria-label=Loading,Fixed
D-041,MED-005,MED-005-T2,Registry shape conforms to cited shadcn $schema,"items use {name,type,files,dependencies,registryDependencies}","Items use custom {name,file,deps,markup,classes}; no type/files/registryDependencies",Medium,Reused shadcn schema URL while inventing a bespoke format,"Drop the $schema reference / point to a self-hosted schema, or restructure items",Fixed
D-042,MNU-001,MNU-001-T2,Menu exposes ARIA menu/menuitem roles for screen readers,role=menu on container and role=menuitem on items,"No role=menu or role=menuitem anywhere; items are bare a/button, container is plain div",Medium,CSS-only component provides no ARIA roles and showcase omits them,Document required role=menu/role=menuitem in registry markup and showcase,Fixed
D-043,MNU-001,MNU-001-T3,data-side anchoring positions menu relative to trigger,Menu anchors to its trigger on each side variant,"data-side only sets inset/margin on the popover in top layer, not relative to trigger; without anchor positioning it offsets from viewport",Medium,"Popover renders in top layer; inset values viewport-relative, so menu does not attach to trigger",Add anchor positioning with current inset rules as @supports fallback,Fixed
D-044,MNU-002,MNU-002-T3,Menubar exposes role=menubar/menuitem and keyboard arrow navigation,role=menubar with arrow-key roving focus,No roles; left/right arrow navigation impossible without JS; only Tab works,Medium,Pure-CSS cannot implement roving tabindex/arrow nav,Document that menubar needs JS + ARIA; add roles to markup examples,Waived
D-045,MNU-003,MNU-003-T3,Nav exposes proper menu semantics / aria-expanded,"Triggers convey expanded state, content has accessible name",Triggers are plain buttons; no aria-expanded/aria-controls beyond popovertarget; no role wiring,Medium,CSS cannot toggle aria-expanded; showcase omits it,Document aria-expanded handling (needs JS) or rely on popovertarget UA semantics,Waived
D-046,MNU-004,MNU-004-T1,Right-click opens context menu at cursor in showcase,A .context-menu element is triggered via oncontextmenu somewhere in the showcase,index.html contains NO .context-menu markup and NO oncontextmenu handler; the component is unused/undemoed,Medium,Component is a styled shell whose required inline-JS trigger is never wired,"Add a demo with oncontextmenu showPopover() plus cursor positioning, or mark JS-required in docs",Fixed
D-047,MNU-004,MNU-004-T4,Checked items expose checkbox role/aria-checked,role=menuitemcheckbox + aria-checked reflecting data-checked,State is encoded only in data-checked for styling; no aria-checked/role provided,Medium,Visual-only checked state with no ARIA,Document required aria-checked + role=menuitemcheckbox alongside data-checked,Waived
D-048,MNU-005,MNU-005-T1,Menu items validate against cited shadcn $schema,Each item has type/registryDependencies/files[].path,context-menu/dropdown/menubar/navigation-menu items use non-conforming keys; no type or files[],Medium,Registry advertises shadcn schema but uses a bespoke shape,"Point $schema at the actual custom schema, or migrate items to shadcn registry-item shape",Fixed
D-049,MSC-002,MSC-002-T5,Registry has no standalone container entry,container component listed in registry.json components,"grep finds container only in card description; no own component entry, so AI registry consumers cannot discover .container-sm/md/lg/xl/full",Medium,Component file shipped but omitted from registry components array,Add a container entry to registry.json components with classes container/-sm/-md/-lg/-xl/-full,Fixed
D-050,MSC-003,MSC-003-T3,Vertical direction panel corner rounding,Rounded outer corners along vertical axis,first/last/only-child radii are hardcoded for horizontal layout only; vertical stacks get wrong rounding,Medium,Corner/border rules not branched on data-direction,Add [data-direction=vertical] overrides for first/last child radii,Fixed
D-051,MSC-005,MSC-005-T1,Document validates against cited shadcn schema,Items conform to ui.shadcn.com/schema.json,"Items use {name,file,deps,markup,classes} not shadcn {name,type,files,registryDependencies}; cited schema would reject",Medium,$schema borrowed from shadcn but custom shape adopted,Point $schema to a custom schema or drop the field,Fixed
D-052,NAV-001,NAV-001-T3,Screen reader announces tab semantics,role=tablist/tab/tabpanel and aria-selected present,No ARIA roles in CSS or showcase; only native radios/labels exposed,Medium,CSS-only pattern cannot add roles; markup omits them,Add role=tablist/tab/tabpanel + aria-selected to documented markup,Fixed
D-053,NAV-002,NAV-002-T3,Current page exposed to AT and nav landmark,aria-current=page on current and nav landmark,CSS uses class .breadcrumb-current not aria-current; showcase wraps in <nav> but lacks aria-current/aria-label,Medium,Styling keyed to class not ARIA; markup omits aria-current,Add aria-current=page to current item and aria-label to nav,Fixed
D-054,NAV-003,NAV-003-T3,Disabled/active link removed from keyboard tab order,Cannot focus disabled prev or active link via keyboard,pointer-events:none blocks mouse only; <a href> remains focusable via Tab and aria-disabled does not remove from tab order,Medium,CSS pointer-events does not affect keyboard; no tabindex=-1 in template,Document removing href or adding tabindex=-1 for disabled/active,Fixed
D-055,NAV-004,NAV-004-T3,Collapse toggle works without JS,Sidebar collapses to icon width interactively,"Collapse keyed to data-collapsed=true; nothing in CSS or showcase sets it, no toggle control. Requires external JS contradicting zero-JS framing",Medium,Stateful collapse needs JS; not provided,Document JS requirement; add a CSS-only :has(checkbox) toggle if zero-JS desired,Waived
D-056,NAV-004,NAV-004-T4,Mobile drawer slides in,"<768px off-canvas, opens via data-mobile-open","Media query translates X -100% and reveals on data-mobile-open=true; but no JS sets it and backdrop needs data-mobile=true (never set), so drawer cannot open",Medium,Drawer open/backdrop driven by attrs only mutable via JS,Provide a checkbox/:has() CSS toggle or document JS; fix backdrop attr,Waived
D-057,NAV-004,NAV-004-T6,Off-canvas drawer hidden from AT when closed,Closed drawer not reachable by keyboard/AT,transform:translateX(-100%) only visually hides; links remain focusable and exposed to AT; no inert/visibility handling,Medium,Transform does not remove from a11y tree or tab order,Add visibility:hidden when closed or document inert requirement,Fixed
D-058,NAV-005,NAV-005-T2,Document validates against cited $schema,Conforms to ui.shadcn.com/schema.json,Uses custom shape instead of shadcn registry items[]/files[]; would fail schema validation,Medium,Non-conforming custom schema reusing shadcn $schema URL,Point $schema to a custom schema or restructure,Fixed
D-059,OVL-001,OVL-001-T4,.dialog-close styled but unwired and absent from showcase dialog,A visible top-right close button that dismisses the dialog,".dialog-close has only visual styles, no close behavior; the showcase dialog never uses .dialog-close. A consumer adding it gets a non-functional X without JS",Medium,Class provides styling only; closing requires JS or wrapping in <form method=dialog>,Wrap the close glyph in <form method=dialog><button class=dialog-close> in the registry markup,Fixed
D-060,OVL-004,OVL-004-T3,data-side positioning aligns popover to trigger,data-side moves the panel to the correct side of its trigger,data-side only flips margin direction; with no anchor positioning the panel is NOT positioned relative to the trigger. showcase uses data-side=bottom-start which is not even a defined variant,Medium,No CSS anchor positioning; data-side variants are margin nudges and don't include bottom-start,Adopt CSS anchor positioning and define the bottom-start/bottom-end values,Fixed
D-061,OVL-005,OVL-005-T1,Overlay entries validate against the cited shadcn schema,dialog/drawer/sheet/popover entries conform to shadcn registry-item shape,"Entries use {name,file,deps,markup,classes,description} with no type or files[]; bespoke shape that does not conform",Medium,Authors reused shadcn $schema URL while inventing a custom shape,Drop/replace $schema or restructure items to shadcn registry-item format,Fixed
D-062,REG-001,REG-001-T1,Validate registry.json item shape against shadcn registry-item schema requirements,Each component item has type and a files array; cross-refs in registryDependencies,"Items use custom keys file (string), deps, classes, markup, attributes; no type, no files[], no registryDependencies. Top level uses custom style/tokens/components",Medium,Author reused shadcn schema URL for credibility but invented a bespoke CSS-class registry format,"Remove the misleading $schema line, or point it at a custom/self-hosted JSON Schema",Fixed
D-063,REG-001,REG-001-T2,A shadcn-aware validator/CLI fetches the cited schema and validates the document,Document validates cleanly against ui.shadcn.com/schema.json,Top-level tokens/style/components and item-level markup/classes/deps are not in the shadcn schema; required type missing on every item -> validation fails,Medium,Custom format mismatched with declared schema,Drop the shadcn $schema reference; document the real format in README,Fixed
D-064,REG-003,REG-003-T3,Documented components honestly flagged as needing JS,Components requiring JS are labeled,registry resizable (pair with 10 lines of JS) and AI_GUIDE list 6 JS cases; honest in body but headline badge still says JavaScript 0 lines,Medium,Body text honest; badges/headline overstate,Change badge text to no-JS-framework or CSS-first; keep honest caveats,Fixed
D-065,REG-007,REG-007-T1,shadcss JS=none row vs reality,Accurately reflects that opening dialogs/popovers/toasts needs JS,Table marks shadcss JS none while AI_GUIDE and the showcase 35 JS handlers show JS is required for core interactions,Medium,Marketing absolutism; JS none is true for the CSS bundle but false for interactive usage,Footnote the JS column: no JS framework; dialogs/popovers need a one-line native call,Fixed
D-066,SEL-002,SEL-002-T2,Indeterminate state is real (form/a11y) not just visual,Indeterminate exposed to AT and forms as mixed,"Only a CSS attribute selector drives visuals; the real input.indeterminate IDL property is unset, so AT reports unchecked. Requires JS",Medium,CSS cannot set the IDL indeterminate property; attribute-only is presentational,Document data-indeterminate is visual-only and requires el.indeterminate=true via JS,Fixed
D-067,SEL-003,SEL-003-T2,Duplicate .radio-group definition across files,Single authoritative .radio-group layout,".radio-group defined twice: radio.css (flex) and radio-group.css (grid). In concatenated dist the later overrides to grid, making radio.css flex dead code",Medium,Two files own the same class with different layout models,Remove the .radio-group block from radio.css and keep grid in radio-group.css,Fixed
D-068,SEL-003,SEL-003-T3,data-orientation values disagree between the two .radio-group blocks,One consistent set of orientation values,"radio.css overrides vertical; radio-group.css overrides horizontal. Grid base wins, so vertical override is moot",Medium,Divergent orientation contracts from the duplicate-class problem,Consolidate orientation handling in radio-group.css supporting both,Fixed
D-069,SHO-003,SHO-003-T2,Inline event handlers and CSP,No inline JS so a strict CSP works,Inline onclick/oninput/onerror present; strict script-src CSP would block all interactions,Medium,Inline handlers require unsafe-inline,Externalize the few handlers into one tiny script file referenced via nonce/hash,Waived
D-070,SHO-005,SHO-005-T2,Open overlay with JS disabled,Some non-JS open path,Only inline showModal triggers; no fallback,Medium,Native dialog open requires JS; CSS-only open not provided,Document JS requirement or use a checkbox/:target-based open pattern,Waived
D-071,SHO-006,SHO-006-T2,Stack multiple toasts,Toasts offset/stack in a region,"Each sonner hardcodes identical position: fixed; bottom right — they overlap, not stack",Medium,No stacking offset logic; needs JS or :nth offsets,"Use .sonner-region flow positioning, or JS to offset",Fixed
D-072,SHO-008,SHO-008-T1,Resolve ./registry.json from apps/www,File exists in apps/www,Not present in apps/www; only packages/shadcss/registry.json exists,Medium,Link assumes registry.json sits beside index.html,Point href to ../../packages/shadcss/registry.json or copy the file into apps/www,Fixed
D-073,SHO-008,SHO-008-T2,Resolve ./AI_GUIDE.md from apps/www,File exists in apps/www,AI_GUIDE.md absent from apps/www,Medium,Dead relative link,Correct the path to the actual AI_GUIDE.md location or add the file,Fixed
D-074,SHO-010,SHO-010-T2,Mobile sidebar reachability,A trigger reveals nav on mobile,Sidebar set display:none under 1024px with no toggle to reopen it; mobile users lose nav and theme toggle,Medium,No mobile menu/sheet trigger despite a Sheet component existing,Wire a hamburger that opens the existing sheet/drawer for mobile nav,Waived
D-075,SHO-011,SHO-011-T1,Tabs expose tablist/tab/tabpanel roles,role=tablist/tab/tabpanel present,"No ARIA roles; radios+labels only, announced as radio group not tabs",Medium,CSS-only tabs cannot get tab roles without JS/markup additions,Add role=tablist/tab/tabpanel and aria-selected,Fixed
D-076,SHO-011,SHO-011-T2,Tooltip content in a11y tree,Tooltip text exposed (aria-describedby/role=tooltip),data-tooltip rendered via CSS ::after only; not in accessibility tree,Medium,Pseudo-element content is not announced by screen readers,Mirror tooltip text into aria-label/aria-describedby,Fixed
D-077,SUR-003,SUR-003-T4,Screen reader announces alert,role=alert (live region),CSS never sets role; registry markup omits role=alert. Showcase has zero role=alert,Medium,Component documented/used without ARIA role,Add role=alert to registry markup and showcase alert containers,Fixed
D-078,SUR-004,SUR-004-T2,Reserved padding for close button,Right padding reserves space so text does not sit under the X,"Padding rule requires .alert[role=alert].alert-dismissible, but showcase details has NO role=alert, so padding never applies and the close X can overlap content",Medium,Padding selector over-qualified with [role=alert],Drop [role=alert] from selector and/or add role=alert in markup,Fixed
D-079,SUR-004,SUR-004-T3,AT announcement + dismiss control labeling,role=alert live region and labeled close control,No role=alert on the details; summary relies on showcase-supplied aria-label which CSS/registry do not mandate,Medium,ARIA not enforced by component contract,Document required role=alert and aria-label on summary,Fixed
D-080,SUR-005,SUR-005-T2,Zero-JS claim vs opening the dialog,No JavaScript needed per framework tagline,Opening requires showModal(); showcase uses inline onclick=showModal(). README 0-JS claim contradicted for opening,Medium,Native <dialog> modal cannot be opened without JS,Document that opening alert-dialog requires showModal()/JS,Fixed
D-081,SUR-007,SUR-007-T2,Validate file against cited $schema,Document conforms to https://ui.shadcn.com/schema.json,shadcn schema expects items with type/files/registryDependencies; this file uses name/version/style/tokens/components — non-conforming,Medium,$schema points at shadcn but the structure is bespoke,Remove/replace $schema or restructure to shadcn registry-item shape,Fixed
D-082,BAS-001,BAS-001-T4,--z-modal and --z-popover collide at same stacking value,Distinct layers get distinct z-index,"Both --z-modal and --z-popover = 1300, so popovers cannot reliably stack above modals",Low,Copy duplication; popover should sit above modal or below overlay,Set --z-popover to a distinct value per intended stacking,Fixed
D-083,BAS-003,BAS-003-T4,Component imported standalone without reset/theme,Graceful degradation,"button.css references var(--space-2) etc. which are undefined without tokens.css, leaving properties invalid/empty",Low,Components hard-depend on tokens with no fallbacks,Provide var() fallbacks or document tokens.css as a hard prerequisite,Waived
D-084,BLD-001,BLD-001-T2,readAndBundle reads source from disk but bundle() never uses it,"Either source is fed to bundle, or the read is removed",Line 32 reads source into a var; bundle() re-reads from disk via filename and ignores source; build() destructures only {code}. Dead/duplicate disk read,Low,Leftover from a transform-based approach; bundle() resolves @imports itself,Remove the redundant fs.readFile and source return,Fixed
D-085,BLD-002,BLD-002-T2,release uses npm publish but project declares pnpm packageManager,Publish tool consistent with declared package manager,release calls npm publish while packageManager=pnpm@9.0.0. Mixed toolchain,Low,packageManager field copied in without aligning scripts/lockfile,Align packageManager to npm or change scripts to pnpm and commit a pnpm-lock.yaml,Fixed
D-086,BLD-003,BLD-003-T2,Duplicate workspace globs in package.json and pnpm-workspace.yaml,One workspace declaration,"package.json workspaces and pnpm-workspace.yaml both list apps/*,packages/* — redundant; harmless only if kept in sync manually",Low,Both managers configs left in tree,Keep only the config for the chosen manager,Fixed
D-087,BLD-004,BLD-004-T2,Package name shadcss available/published on npm,Either published or name reserved,npm view shadcss version -> 404 Not Found (not published). release would publish a public unscoped name currently free; name-squat/typo risk until claimed,Low,Never published; 0.1.0 only local,"Publish 0.1.0 to reserve the name, or scope it",Fixed
D-088,BLD-005,BLD-005-T1,README 50 components vs actual file count,Claimed count == real count,README and badge say 50 components; src/components has 52 files and shadcss.css has 52 component @imports. Off by 2,Low,Components added after README count was written,Update README/badge to 52 components or derive count from registry.json,Fixed
D-089,BTN-001,BTN-001-T4,btn-link inside btn-group joins visually,link aligns within joined group,btn-link sets height:auto/padding:0 conflicting with group's height/border-radius:0 rules; misaligns vertically,Low,btn-link overrides height/padding that btn-group assumes uniform,"Document btn-link as incompatible with btn-group, or scope link overrides with :not(.btn-group .btn)",Fixed
D-090,BTN-004,BTN-004-T3,Disabled toggle state styling,Disabled visual state exists,No :disabled rule for .toggle; disabled toggle looks identical to enabled,Low,Missing disabled styling for toggle,Add .toggle:disabled{ opacity:.5; pointer-events:none },Fixed
D-091,BTN-005,BTN-005-T4,Outline variant with 3+ items joins borders correctly,"middle items collapse adjacent borders, square inner corners","Only :first-child and :last-child square corners; middle items retain full radius-md, producing rounded inner corners and double borders mid-row",Low,Missing middle-item corner reset; first/last-only logic,Add :not(:first-child):not(:last-child){ border-radius:0 },Fixed
D-092,BTN-005,BTN-005-T6,Vertical + outline border collapsing,vertical outline collapses top/bottom borders,Outline border-collapse rules only target inline-start/horizontal corners; vertical outline groups get double horizontal borders and wrong rounded corners,Low,Outline variant authored only for horizontal layout,Add vertical-specific border/corner rules under [data-orientation=vertical][data-variant=outline],Fixed
D-093,CTL-001,CTL-001-T3,Switch lacks role=switch (announced as checkbox not switch),Ideally role=switch / aria-checked,No role applied; native checkbox announces as checkbox not switch,Low,CSS-only library cannot add roles; comment claims a11y is free which overstates,Document adding role=switch in markup guidance,Fixed
D-094,CTL-001,CTL-001-T5,sm/lg variants do not define RTL checked transform,RTL checked offset for sm/lg matches their widths,"switch-sm/lg define only LTR :checked::before; the [dir=rtl] rule only targets base width, so sm/lg knobs overshoot/undershoot in RTL",Low,RTL override not duplicated for size variants,Add [dir=rtl] rules for .switch-sm/.switch-lg checked::before,Fixed
D-095,CTL-002,CTL-002-T5,Vertical slider via data-orientation,Vertical track sizing,writing-mode vertical + fixed 8rem height; but fill gradient is still to right so in vertical mode the gradient axis no longer matches the visual track,Low,Gradient direction not adapted for vertical orientation,"Add a vertical override with linear-gradient(to top, ...)",Fixed
D-096,CTL-003,CTL-003-T4,File comment proposes single-input letter-spacing approach but ships multi-input,Implementation matches its documented approach,"Header describes a single-input striped-background fake, but the actual CSS + markup use multiple boxes",Low,Stale design comment left in file,Remove the misleading single-input comment block,Fixed
D-097,CTL-003,CTL-003-T5,Separator and grouping semantics,OTP group is labeled/associated for SR,.otp-separator is a decorative span with no aria-hidden; group label not programmatically tied to inputs,Low,No grouping semantics; separator may be read aloud,Add aria-hidden to separator and per-input aria-label or labeled group,Fixed
D-098,CTL-004,CTL-004-T5,Determinate transition uses width on value pseudo,value changes animate smoothly,"::-webkit-progress-value transition:width slow; Firefox ::-moz-progress-bar has no width transition, so Firefox value jumps",Low,transition declared only on WebKit value pseudo,Add transition: width to .progress::-moz-progress-bar,Fixed
D-099,DAT-003,DAT-003-T3,Dots indicate/seek active slide,Active dot reflects current slide; clicking a dot seeks,"Dots are static styled buttons; active state hardcoded via inline style; no scroll-tracking, no seek handler",Low,Active-dot tracking and seek both require JS,Document dots as decorative/JS-driven; optionally use scroll-driven animations,Waived
D-100,DAT-003,DAT-003-T6,Reduced motion honored for smooth scrolling,prefers-reduced-motion disables scroll-behavior:smooth,scroll-behavior:smooth is unconditional; no reduced-motion guard,Low,No @media (prefers-reduced-motion) override,Add @media (prefers-reduced-motion: reduce){ .carousel-viewport{ scroll-behavior:auto } },Fixed
D-101,DIS-001,DIS-001-T4,Very long tooltip text near viewport edge,Text wraps or repositions to stay visible,"white-space:nowrap forces single line; transform centers at 50% with no collision logic, so it clips",Low,Pure-CSS positioning cannot detect viewport collisions,Offer a wrapping variant; acknowledge edge clipping as a platform limit,Fixed
D-102,DIS-002,DIS-002-T2,File comment claims Popover API hover trigger,Implementation uses Popover API as documented,No popover attribute or ::backdrop; reveal is purely :hover/:focus-within + display toggle,Low,Comment is aspirational/stale; actual mechanism is display toggle,Correct the file header comment to describe the display-toggle mechanism,Fixed
D-103,DIS-004,DIS-004-T4,Using .collapsible on non-details element,Defined fallback,"[open] attribute only exists on <details>; on a plain div the reveal/rotate never trigger, content stuck at 0fr (hidden)",Low,Component hard-depends on native details semantics not enforced,Document that .collapsible MUST be a <details> element,Fixed
D-104,FBK-001,FBK-001-T6,Registry markup omits .toast-region wrapper,markup demonstrates positioning region,"registry markup is a bare .toast with popover, no .toast-region; region positioning thus unused",Low,Markup sample drops the fixed region wrapper,Wrap markup in <div class=toast-region>...</div>,Fixed
D-105,FBK-002,FBK-002-T7,Registry lists sonner-region class but markup positions sonner via inline style instead,region drives positioning,"demo overrides with inline fixed position, bypassing region flex stacking",Low,popover top-layer needs explicit position since region isn't the offset parent,Use non-popover in-flow sonner inside .sonner-region for true stacking demo,Fixed
D-106,FBK-004,FBK-004-T2,scroll-area-sm shrinks scrollbar,thinner in WebKit AND Firefox,only ::-webkit width changes; Firefox scrollbar-width stays thin regardless of -sm/-lg,Low,Firefox has no per-element scrollbar thickness control beyond thin/auto/none,Document that size variants are WebKit-only; acknowledge Firefox limitation,Fixed
D-107,FRM-001,FRM-001-T4,Trailing-only icon input gets unwanted leading padding,"With only a trailing icon, input keeps normal start padding and pads the end",.input-wrap .input unconditionally sets padding-inline-start:2.5rem; trailing padding requires .input-trailing,Low,Leading padding applied to every .input inside a wrap regardless of icon position,Scope leading padding to a leading-icon marker via :has(),Fixed
D-108,FRM-002,FRM-002-T2,Demo bio textarea has no placeholder claims Max 280 chars but no maxlength and invalid never triggers,Validation visually reflects constraints,index.html textarea has no maxlength and no placeholder; :invalid:not(:placeholder-shown) cannot fire; the 280-char limit is description-only text,Low,Invalid styling keyed on :placeholder-shown; demo control has neither placeholder nor maxlength,"Add maxlength=280 to the demo textarea, or document the placeholder requirement",Fixed
D-109,FRM-003,FRM-003-T3,form-field help-text turns red only when control non-empty,Error color on invalid,Gated on :placeholder-shown; an empty invalid control with no placeholder never reddens help-text,Low,Same :placeholder-shown empty-proxy limitation as inputs,Add :user-invalid alternative selectors,Fixed
D-110,FRM-004,FRM-004-T4,Stale comment asserting :user-invalid lacks support,Comments reflect current platform reality,"field.css states :user-invalid lacks browser support; Baseline-supported since ~2023, so comment is outdated",Low,Design decision based on obsolete compatibility info,Update comment and adopt :user-invalid as primary trigger,Fixed
D-111,MED-001,MED-001-T2,Image fallback when no img provided,Comment claims :not(:has(img)) drives fallback,No :has/:not selector exists; fallback is just text shown because there is no img element. The documented mechanism is absent,Low,Stale comment describing a mechanism never implemented,Edit the header comment OR add .avatar > img { position:absolute; inset:0; },Fixed
D-112,MED-002,MED-002-T3,Multiple skeleton-text lines; only last should be 60%,last-child 60% width,".skeleton-text:last-child{width:60%} fires for ANY last child, including a single-line block. Showcase overrides with inline width to fight it",Low,Over-broad last-child rule assumes multi-line text groups,Scope to .skeleton-text-group .skeleton-text:last-child{width:60%},Fixed
D-113,MED-004,MED-004-T4,Non-media child (text block) inside aspect-ratio,reasonable layout,"> * forces position:absolute, width/height 100%, object-fit:cover — text gets stretched/clipped. Misuse silently breaks",Low,Universal child selector assumes replaced media,"Narrow selector to > img, > video, > picture, > iframe",Fixed
D-114,MNU-001,MNU-001-T5,Registry classes list completeness vs CSS,Every class in registry exists in CSS,.dropdown is listed in registry classes but the CSS file defines no .dropdown rule; it is a layout wrapper only,Low,Registry advertises a .dropdown class that carries no styles,Remove dropdown from the classes array or add a documented .dropdown rule,Fixed
D-115,MNU-002,MNU-002-T2,Showcase wrapper class matches registry/CSS,Item wrapper class used in showcase is defined/known,Showcase uses .menubar-menu-item wrapper but neither menubar.css nor registry defines or lists it; unstyled,Low,Showcase invented an undocumented wrapper class,"Add .menubar-menu-item to menubar.css and registry, or drop the wrapper",Waived
D-116,MNU-002,MNU-002-T4,Menu always opens bottom-start regardless of viewport edge,Menu repositions when near right/bottom edge,menubar-menu hard-codes inset bottom-start + margin-top with no data-side variants or collision handling,Low,No anchor/collision logic,Add data-side variants or anchor positioning with try fallbacks,Waived
D-117,MNU-003,MNU-003-T5,20rem min-width panel on narrow viewport,Panel stays within small screens,min-width:20rem fixed with no media query; on <320px viewports the panel overflows horizontally,Low,Fixed min-width with no responsive cap,"Use min-width:min(20rem, calc(100vw - 2rem))",Fixed
D-118,MNU-004,MNU-004-T2,Zero-JS claim vs documented inline JS requirement,Component works with no JavaScript per README 0-JS claim,context-menu.css header says it needs a tiny inline oncontextmenu to position — contradicts the zero-JS claim,Low,Right-click + cursor positioning impossible in pure CSS,Label context-menu as requires JS in README component table,Fixed
D-119,MSC-001,MSC-001-T4,".prose kbd overrides component kbd, dropping box-shadow/min-width/height",Consistent kbd styling everywhere,"Inside .prose, typography.css has equal specificity and no min-width/height/box-shadow, so prose kbds look different",Low,Duplicate kbd ruleset in typography.css diverges from component,"Remove the .prose kbd block and rely on component kbd.css, or align declarations",Fixed
D-120,MSC-003,MSC-003-T6,Missing data-direction attribute,Defined fallback layout,No base grid-auto-flow without data-direction; children fall into a single auto row — unspecified/likely broken,Low,Axis rules gated entirely behind attribute selectors,Add default grid-auto-flow: column; grid-auto-columns: 1fr; to base .resizable,Fixed
D-121,MSC-005,MSC-005-T2,0 lines of JS claim vs resizable,All components work without JS,"resizable.css and its registry entry require JS for resize, contradicting footer claim",Low,Marketing claim overstated,Qualify claim to core components ship 0 JS; resizable needs ~10 lines,Fixed
D-122,NAV-001,NAV-001-T2,13th tab (id suffix -13),Panel shows when its radio checked,No rule for -13; panel stays display:none. Requires hand-written one-line rule per docs,Low,Suffix enumeration is finite; -13+ unsupported out of the box,Extend the suffix list to needed range or add a :target fallback,Waived
D-123,NAV-001,NAV-001-T4,Invalid CSS property focus-visible-anchor: contains,All declarations are valid CSS,"tabs-panel declares focus-visible-anchor: contains, which is not a recognized CSS property; ignored",Low,Non-existent/typo property; no effect,Remove line tabs.css:92,Fixed
D-124,OVL-002,OVL-002-T3,Sheet rendered with no data-side,Reasonable default placement and slide,No default animation or inset; sheet centers via UA default with no slide. Registry markup shows data-side=right but it is not enforced,Low,Base dialog.sheet omits a default-side fallback,Apply the right rules to dialog.sheet:not([data-side]),Fixed
D-125,OVL-003,OVL-003-T3,Drawer rendered with no data-side,Sensible default edge placement,"Without data-side, no inset override is applied; base animation slides translateX(100%) but the panel is not pinned to the right edge, causing animation/placement mismatch",Low,Right-edge pinning lives only under [data-side=right],Apply the right-side inset to dialog.drawer:not([data-side]),Fixed
D-126,OVL-004,OVL-004-T4,Popover trigger/target ARIA association,Trigger exposes popup semantics and the panel has a role/labelledby,"Popover API auto-adds implicit aria on the button, but the .popover panel has no role and title isn't programmatically linked",Low,CSS-only library leaves ARIA wiring to consumers,Document adding role=dialog and aria-labelledby pointing at .popover-title,Fixed
D-127,OVL-005,OVL-005-T3,Registry markup matches showcase usage for popover data-side,data-side values in markup match those styled in CSS,"dropdown/popover markup and showcase use data-side=bottom-start/bottom-end, but popover.css defines only top/start/end; values diverge",Low,Positioning vocabularies not reconciled between CSS and registry/showcase,Define the bottom-start/bottom-end variants in popover.css or update registry/markup,Fixed
D-128,REG-002,REG-002-T1,Search repo for any code that reads/parses registry.json,At least one consumer parses registry.json,"Only README.md, packages README, AI_GUIDE.md, and index.html mention it — all docs/markup, no parser",Low,"registry.json is a hand-maintained doc artifact, not integrated with any CLI","Document registry.json as machine-readable reference only, not a shadcn-CLI registry",Fixed
D-129,REG-002,REG-002-T2,registry.json drifts from source since nothing validates it,Tooling keeps registry in sync with src/components,No sync/validation step exists; counts already disagree (52 in registry vs 50 claimed elsewhere),Low,Manual maintenance with no CI check,Add a build-time assert comparing registry count to ls src/components/*.css and documented count,Waived
D-130,REG-004,REG-004-T1,Reconcile claimed 50 vs actual registry/file counts,50 == registry items == css files,registry.json has 52 items; src/components has 52 .css files; docs claim 50,Low,Two components added without updating the 50 headline/inventory,"Update all 50 references and badges to 52, regenerate the AI_GUIDE inventory list",Fixed
D-131,REG-004,REG-004-T2,AI_GUIDE inventory list completeness,AI_GUIDE 50-list matches registry 52 items,"AI_GUIDE lists names but count/content drift from registry 52 (naming differences, missing entries)",Low,Hand-maintained list not regenerated,Generate the inventory block programmatically from registry.json,Waived
D-132,REG-005,REG-005-T3,Two READMEs cite different gzip badge values,Consistent number across docs,packages README badge says 15.2 KB; root README badge says 15.3 KB — minor inconsistency,Low,Independent edits; bundle changed between badge updates,Single-source the size; pick one value for both badges,Waived
D-133,REG-006,REG-006-T3,Version consistency between package.json and registry.json,Same version,package.json version 0.1.0 but registry.json version 0.2.0,Low,registry.json bumped independently of package.json,Single-source version or derive registry version from package.json at build,Fixed
D-134,REG-007,REG-007-T2,Component count in comparison vs headline,Consistent count,Comparison says 50+ while headline says 50 and actual is 52,Low,Inconsistent figures across sections,Standardize to 52 everywhere,Fixed
D-135,REG-008,REG-008-T2,Potential trademark/endorsement confusion with shadcn,Clear not affiliated with shadcn disclaimer given near-identical name and reuse of shadcn schema URL,No disclaimer of non-affiliation; name shadcss + shadcn keyword + ui.shadcn.com schema URL imply association; only clone of the aesthetic wording present,Low,Heavy lean on shadcn identity for credibility without explicit non-affiliation notice,Add Not affiliated with or endorsed by shadcn/ui to README and remove the unused shadcn schema URL,Fixed
D-136,SEL-002,SEL-002-T5,Registry deps completeness for checkbox,checkbox entry should list base/tokens dep,checkbox registry block omits a deps array entirely though CSS references tokens,Low,Inconsistent registry authoring,Add deps: [base/tokens] to the checkbox registry entry,Fixed
D-137,SEL-003,SEL-003-T5,Registry classes claim .radio-group belongs to radio component,radio entry classes accurate,"radio registry lists classes [radio,radio-group] but radio-group is also a separate component owning the same class — overlapping ownership",Low,Class ownership leaks across two registry components,Drop radio-group from the radio entry classes,Fixed
D-138,SEL-004,SEL-004-T3,Pre-:has() browser fallback for selected state,Graceful degradation when :has() unsupported,"No @supports fallback; the :has(:checked) rule is dropped, leaving no visual selection; showcase radios lack .radio class",Low,Reliance on :has() with no progressive-enhancement fallback,Add .radio class to inner inputs and/or an @supports fallback,Waived
D-139,SHO-004,SHO-004-T2,Persistence across reload,Chosen theme remembered,No localStorage write; reload resets to light,Low,Handler only mutates DOM attribute,Persist to localStorage and restore on load,Waived
D-140,SHO-004,SHO-004-T3,Toggle exposes pressed state,aria-pressed reflects current theme,"Plain button, no aria-pressed/role state",Low,No ARIA wired to toggle state,Add aria-pressed and update it in the handler,Waived
D-141,SHO-007,SHO-007-T2,Count consistency across the page,50 everywhere or honest 50+,"Mix of 50+, 50, and a sidebar Components (50) that links only ~18 items",Low,Sidebar curated to a subset while labels claim 50,Align the count label with the actual listed/showcased components,Fixed
D-142,SHO-009,SHO-009-T2,JS disabled and image fails,Graceful fallback,Without JS the onerror never runs; empty/broken avatar shows,Low,Fallback is JS-only,Provide a CSS ::after initial behind the image as a no-JS fallback,Waived
D-143,SHO-011,SHO-011-T3,Dropdown/menubar menu roles,role=menu/menuitem and aria-expanded on trigger,Plain buttons + popovertarget; no menu roles or aria-expanded,Low,Popover API gives no implicit menu semantics,Add role=menu/menuitem and aria-haspopup/expanded where feasible,Waived
D-144,SHO-012,SHO-012-T2,Calendar navigation buttons,Prev/next change the month,Buttons are inert; no handler or CSS state to change months,Low,"Static markup, no JS bound",Disable/aria-disabled the nav or note it is display-only,Fixed
D-145,SHO-012,SHO-012-T3,Carousel dots indicate/control position,Dots reflect/scroll to slides,Dots are buttons with no handler; only first is hardcoded active,Low,No JS to bind dots to scroll position,Bind dots to scrollTo or present as static indicators,Waived
D-146,SHO-012,SHO-012-T4,OTP auto-advance between inputs,Typing a digit advances focus,"Plain inputs, no auto-advance; manual tabbing required",Low,Auto-advance requires JS not present,Document as display-only or add minimal JS,Fixed
D-147,SUR-001,SUR-001-T3,footer with data-justify=center,Some justification handling,"Only end and between are matched; center falls through to default flex-start, silently ignored",Low,No rule for data-justify=center,Add .card-footer:where([data-justify=center]) { justify-content: center; },Fixed
D-148,SUR-001,SUR-001-T4,card-title conveys heading semantics,Title exposed as heading to AT,card-title is a styled div with font-weight 600; no heading role/element,Low,Title is presentational only,Document/encourage using <h3 class=card-title>,Waived
D-149,SUR-002,SUR-002-T2,Keyboard user focuses an interactive card,Equivalent visual affordance on :focus-visible,"No :focus or :focus-visible rule; only :hover. Keyboard users get no lift, and the div is not focusable",Low,Hover-only styling; no focus parity,Add .card-interactive:focus-visible mirroring hover,Fixed
D-150,SUR-005,SUR-005-T3,Content taller than viewport,Scroll within dialog,dialog has overflow:hidden with no max-height/scroll on body; tall content would be clipped,Low,overflow:hidden plus no max-height clips overflowing body content,Add max-height (e.g. 90vh) and overflow:auto on .alert-dialog-body,Fixed
D-151,SUR-005,SUR-005-T5,Focus trap and labeling,Modal traps focus and is labeled by title,Native showModal() provides focus trap; however no aria-labelledby links title and no role=alertdialog,Low,Relies on native dialog semantics but omits role=alertdialog and aria-labelledby,"Add role=alertdialog, aria-labelledby/aria-describedby",Waived
D-152,SUR-006,SUR-006-T3,data-orientation=diagonal (unsupported value),Defined fallback,"Neither horizontal nor vertical rule matches; :not([data-orientation]) also won't match, so separator gets only base styles and collapses to invisible",Low,Invalid orientation value matches no rule and skips the default branch,"Make default robust: apply horizontal sizing to base, override for vertical only",Fixed
D-153,SUR-006,SUR-006-T4,Divider exposed to AT,role=separator or <hr> semantics,Element is a styled div with no role=separator; registry markup uses <div> without role,Low,No semantic role,Recommend role=separator or <hr> in registry markup,Fixed
D-154,SUR-007,SUR-007-T3,Alert classes completeness,All alert variant classes listed,Listed many but alert.css also defines alert-default which is omitted from registry,Low,alert-default class exists in CSS but missing from registry,Add alert-default to the alert classes array,Fixed
D-155,SUR-007,SUR-007-T4,alert-dialog markup reflects accessible usage,Markup demonstrates accessible dialog,"registry markup omits role=alertdialog and aria-labelledby, propagating the a11y gap",Low,Example markup lacks ARIA wiring,Add role/aria attributes to the alert-dialog markup example,Fixed
